{"py/object": "rasa_core.featurizers.MaxHistoryTrackerFeaturizer", "max_history": 5, "remove_duplicates": true, "state_featurizer": {"py/object": "rasa_core.featurizers.BinarySingleStateFeaturizer", "input_state_map": {"entity_budget": 9, "entity_budgetrange": 11, "entity_cuisine": 8, "entity_email": 10, "entity_location": 7, "intent_affirm": 0, "intent_deny": 1, "intent_goodbye": 2, "intent_greet": 3, "intent_restaurant_search": 4, "intent_sendmail": 5, "intent_thankyou": 6, "prev_action_default_fallback": 19, "prev_action_listen": 17, "prev_action_restart": 18, "prev_action_restaurant": 28, "prev_action_sendmail": 29, "prev_utter_ask_budget": 26, "prev_utter_ask_cuisine": 25, "prev_utter_ask_howcanhelp": 23, "prev_utter_ask_location": 24, "prev_utter_ask_sendemail": 27, "prev_utter_default": 22, "prev_utter_goodbye": 21, "prev_utter_greet": 20, "slot_budget_0": 12, "slot_budgetrange_0": 13, "slot_cuisine_0": 14, "slot_email_0": 15, "slot_location_0": 16}, "num_features": 30, "slot_feature_len": 5, "user_feature_len": 12}, "use_intent_probabilities": false}