{
  "rasa_nlu_data": {
    "common_examples": [
      {
        "intent": "greet",
        "text": "hey"
      },
      {
        "intent": "greet",
        "text": "howdy"
      },
      {
        "intent": "greet",
        "text": "hey there"
      },
      {
        "intent": "greet",
        "text": "hello"
      },
      {
        "intent": "greet",
        "text": "hi"
      },
      {
        "intent": "greet",
        "text": "good morning"
      },
      {
        "intent": "greet",
        "text": "good evening"
      },
      {
        "intent": "greet",
        "text": "dear sir"
      },
      {
        "intent": "affirm",
        "text": "yes"
      },
      {
        "intent": "affirm",
        "text": "yep"
      },
      {
        "intent": "affirm",
        "text": "yeah"
      },
      {
        "intent": "affirm",
        "text": "indeed"
      },
      {
        "intent": "affirm",
        "text": "that's right"
      },
      {
        "intent": "affirm",
        "text": "ok"
      },
      {
        "intent": "affirm",
        "text": "great"
      },
      {
        "intent": "affirm",
        "text": "right, thank you"
      },
      {
        "intent": "affirm",
        "text": "correct"
      },
      {
        "intent": "affirm",
        "text": "great choice"
      },
      {
        "intent": "affirm",
        "text": "sounds really good"
      },
      {
        "intent": "sendmail",
        "entities": [
          {
            "start": 24,
            "end": 38,
            "value": "ahbcdj@dkj.com",
            "entity": "email"
          }
        ],
        "text": "yes. Please send it to ahbcdj@dkj.com"
      },
      {
        "intent": "sendmail",
        "entities": [
          {
            "start": 24,
            "end": 35,
            "value": "xyz@sth.edu",
            "entity": "email"
          }
        ],
        "text": "yes. Please send it to xyz@sth.edu"
      },
      {
        "intent": "sendmail",
        "entities": [
          {
            "start": 0,
            "end": 19,
            "value": "jddk.2jmd@kdl.co.in",
            "entity": "email"
          }
        ],
        "text": "jddk.2jmd@kdl.co.in"
      },
      {
        "intent": "sendmail",
        "entities": [
          {
            "start": 3,
            "end": 16,
            "value": "nnfkl@kdl.com",
            "entity": "email"
          }
        ],
        "text": "to nnfkl@kdl.com"
      },
      {
        "intent": "sendmail",
        "entities": [
          {
            "start": 15,
            "end": 29,
            "value": "jksdf@lkjg.com",
            "entity": "email"
          }
        ],
        "text": "use my mail id jksdf@lkjg.com"
      },
      {
        "intent": "sendmail",
        "entities": [
          {
            "start": 13,
            "end": 29,
            "value": "jks33df@lkjg.com",
            "entity": "email"
          }
        ],
        "text": "yes, send to jks33df@lkjg.com"
      },
      {
        "intent": "sendmail",
        "entities": [
          {
            "start": 8,
            "end": 27,
            "value": "oikjndsfi@mmm.co.in",
            "entity": "email"
          }
        ],
        "text": "yes, to oikjndsfi@mmm.co.in"
      },
      {
        "intent": "sendmail",
        "entities": [
          {
            "start": 3,
            "end": 21,
            "value": "889jjkweoi@rr.co.in",
            "entity": "email"
          }
        ],
        "text": "to 889jjkweoi@rr.co.in please"
      },
      {
        "intent": "sendmail",
        "entities": [
          {
            "start": 35,
            "end": 49,
            "value": "ffgere@bbc.com",
            "entity": "email"
          }
        ],
        "text": "thanks, please send. My mail id is ffgere@bbc.com please"
      },
      {
        "intent": "restaurant_search",
        "text": "i'm looking for a place to eat"
      },
      {
        "intent": "restaurant_search",
        "text": "I want to grab lunch"
      },
      {
        "intent": "restaurant_search",
        "text": "I am searching for a dinner spot"
      },
      {
        "intent": "restaurant_search",
        "entities": [
          {
            "start": 31,
            "end": 36,
            "value": "north",
            "entity": "location"
          }
        ],
        "text": "i'm looking for a place in the north of town"
      },
      {
        "intent": "restaurant_search",
        "entities": [
          {
            "start": 8,
            "end": 15,
            "value": "chinese",
            "entity": "cuisine"
          }
        ],
        "text": "show me chinese restaurants"
      },
      {
        "intent": "restaurant_search",
        "entities": [
          {
            "start": 8,
            "end": 14,
            "value": "chinese",
            "entity": "cuisine"
          },
          {
            "start": 34,
            "end": 39,
            "value": "north",
            "entity": "location"
          }
        ],
        "text": "show me chines restaurants in the north"
      },
      {
        "intent": "restaurant_search",
        "entities": [
          {
            "start": 31,
            "end": 37,
            "value": "centre",
            "entity": "location"
          },
          {
            "start": 10,
            "end": 17,
            "value": "mexican",
            "entity": "cuisine"
          }
        ],
        "text": "show me a mexican place in the centre"
      },
      {
        "intent": "restaurant_search",
        "entities": [
          {
            "start": 20,
            "end": 26,
            "value": "indian",
            "entity": "cuisine"
          }
        ],
        "text": "i am looking for an indian spot called olaolaolaolaolaola"
      },
      {
        "intent": "restaurant_search",
        "text": "search for restaurants"
      },
      {
        "intent": "restaurant_search",
        "entities": [
          {
            "start": 16,
            "end": 20,
            "value": "west",
            "entity": "location"
          }
        ],
        "text": "anywhere in the west"
      },
      {
        "intent": "restaurant_search",
        "entities": [
          {
            "start": 14,
            "end": 19,
            "value": "18328",
            "entity": "location"
          }
        ],
        "text": "anywhere near 18328"
      },
      {
        "intent": "restaurant_search",
        "entities": [
          {
            "start": 17,
            "end": 29,
            "value": "asian fusion",
            "entity": "cuisine"
          }
        ],
        "text": "I am looking for asian fusion food"
      },
      {
        "intent": "restaurant_search",
        "entities": [
          {
            "start": 29,
            "end": 34,
            "value": "29432",
            "entity": "location"
          }
        ],
        "text": "I am looking a restaurant in 29432"
      },
      {
        "intent": "restaurant_search",
        "entities": [
          {
            "start": 3,
            "end": 9,
            "value": "London",
            "entity": "location"
          }
        ],
        "text": "in London"
      },
      {
        "intent": "restaurant_search",
        "entities": [
          {
            "start": 0,
            "end": 7,
            "value": "Kolkata",
            "entity": "location"
          }
        ],
        "text": "Kolkata"
      },
      {
        "intent": "restaurant_search",
        "entities": [
          {
            "start": 0,
            "end": 7,
            "value": "Chennai",
            "entity": "location"
          }
        ],
        "text": "Chennai"
      },
      {
        "intent": "restaurant_search",
        "entities": [
          {
            "start": 22,
            "end": 26,
            "value": "Pune",
            "entity": "location"
          }
        ],
        "text": "Okay. Show me some in Pune"
      },
      {
        "intent": "restaurant_search",
        "entities": [
          {
            "start": 41,
            "end": 46,
            "value": "Patna",
            "entity": "location"
          }
        ],
        "text": "Can you suggest some good restaurants in Patna"
      },
      {
        "intent": "restaurant_search",
        "entities": [
          {
            "start": 3,
            "end": 9,
            "value": "Mumbai",
            "entity": "location"
          }
        ],
        "text": "in Mumbai"
      },
      {
        "intent": "restaurant_search",
        "entities": [
          {
            "start": 0,
            "end": 12,
            "value": "South Indian",
            "entity": "cuisine"
          }
        ],
        "text": "South Indian"
      },
      {
        "intent": "restaurant_search",
        "entities": [
          {
            "start": 0,
            "end": 12,
            "value": "North Indian",
            "entity": "cuisine"
          }
        ],
        "text": "North Indian"
      },
      {
        "intent": "restaurant_search",
        "entities": [
          {
            "start": 0,
            "end": 7,
            "value": "Italian",
            "entity": "cuisine"
          }
        ],
        "text": "Italian"
      },
      {
        "intent": "restaurant_search",
        "entities": [
          {
            "start": 0,
            "end": 7,
            "value": "chinese",
            "entity": "cuisine"
          }
        ],
        "text": "Chinese"
      },
      {
        "intent": "restaurant_search",
        "entities": [
          {
            "start": 0,
            "end": 7,
            "value": "chinese",
            "entity": "cuisine"
          }
        ],
        "text": "chinese"
      },
      {
        "intent": "restaurant_search",
        "entities": [
          {
            "start": 0,
            "end": 8,
            "value": "American",
            "entity": "cuisine"
          }
        ],
        "text": "American"
      },
      {
        "intent": "restaurant_search",
        "entities": [
          {
            "start": 0,
            "end": 8,
            "value": "american",
            "entity": "cuisine"
          }
        ],
        "text": "american"
      },
      {
        "intent": "restaurant_search",
        "entities": [
          {
            "start": 0,
            "end": 7,
            "value": "Mexican",
            "entity": "cuisine"
          }
        ],
        "text": "Mexican"
      },
      {
        "intent": "restaurant_search",
        "entities": [
          {
            "start": 0,
            "end": 7,
            "value": "mexican",
            "entity": "cuisine"
          }
        ],
        "text": "mexican"
      },
      {
        "intent": "restaurant_search",
        "entities": [
          {
            "start": 0,
            "end": 9,
            "value": "Lithuania",
            "entity": "location"
          }
        ],
        "text": "Lithuania"
      },
      {
        "intent": "restaurant_search",
        "entities": [
          {
            "start": 14,
            "end": 19,
            "value": "Italy",
            "entity": "location"
          }
        ],
        "text": "Oh, sorry, in Italy"
      },
      {
        "intent": "restaurant_search",
        "entities": [
          {
            "start": 3,
            "end": 8,
            "value": "delhi",
            "entity": "location"
          }
        ],
        "text": "in delhi"
      },
      {
        "intent": "restaurant_search",
        "entities": [
          {
            "start": 3,
            "end": 8,
            "value": "Delhi",
            "entity": "location"
          }
        ],
        "text": "In Delhi"
      },
      {
        "intent": "restaurant_search",
        "entities": [
          {
            "start": 3,
            "end": 8,
            "value": "Delhi",
            "entity": "location"
          }
        ],
        "text": "In Delhi."
      },
      {
        "intent": "restaurant_search",
        "entities": [
          {
            "start": 5,
            "end": 10,
            "value": "delhi",
            "entity": "location"
          }
        ],
        "text": "near delhi"
      },
      {
        "intent": "restaurant_search",
        "entities": [
          {
            "start": 9,
            "end": 17,
            "value": "Amritsar",
            "entity": "location"
          }
        ],
        "text": "close to Amritsar"
      },
      {
        "intent": "restaurant_search",
        "entities": [
          {
            "start": 37,
            "end": 42,
            "value": "Delhi",
            "entity": "location"
          }
        ],
        "text": "I am looking for some restaurants in Delhi."
      },
      {
        "intent": "restaurant_search",
        "entities": [
          {
            "start": 37,
            "end": 42,
            "value": "Delhi",
            "entity": "location"
          }
        ],
        "text": "I am looking for some restaurants in Delhi"
      },
      {
        "intent": "restaurant_search",
        "entities": [
          {
            "start": 37,
            "end": 42,
            "value": "delhi",
            "entity": "location"
          }
        ],
        "text": "I am looking for some restaurants in delhi"
      },
      {
        "intent": "restaurant_search",
        "entities": [
          {
            "start": 17,
            "end": 38,
            "value": "mexican indian fusion",
            "entity": "cuisine"
          }
        ],
        "text": "I am looking for mexican indian fusion"
      },
      {
        "intent": "restaurant_search",
        "entities": [
          {
            "start": 24,
            "end": 28,
            "value": "rome",
            "entity": "location"
          },
          {
            "start": 34,
            "end": 42,
            "value": "mid",
            "entity": "price"
          },
          {
            "start": 60,
            "end": 67,
            "value": "british",
            "entity": "cuisine"
          },
          {
            "start": 77,
            "end": 81,
            "value": "4",
            "entity": "people"
          }
        ],
        "text": "can you book a table in rome in a moderate price range with british food for four people"
      },
      {
        "intent": "restaurant_search",
        "entities": [
          {
            "start": 0,
            "end": 7,
            "value": "central",
            "entity": "location"
          },
          {
            "start": 8,
            "end": 14,
            "value": "indian",
            "entity": "cuisine"
          }
        ],
        "text": "central indian restaurant"
      },
      {
        "intent": "restaurant_search",
        "entities": [
          {
            "start": 4,
            "end": 7,
            "value": "700",
            "entity": "budget"
          },
          {
            "start": 8,
            "end": 13,
            "value": "range",
            "entity": "budgetrange"
          }
        ],
        "text": "300-700 range"
      },
      {
        "intent": "restaurant_search",
        "entities": [
          {
            "start": 1,
            "end": 4,
            "value": "700",
            "entity": "budget"
          },
          {
            "start": 0,
            "end": 1,
            "value": ">",
            "entity": "budgetrange"
          }
        ],
        "text": ">700"
      },
      {
        "intent": "restaurant_search",
        "entities": [
          {
            "start": 1,
            "end": 4,
            "value": "300",
            "entity": "budget"
          },
          {
            "start": 0,
            "end": 1,
            "value": "<",
            "entity": "budgetrange"
          }
        ],
        "text": "<300"
      },
      {
        "intent": "restaurant_search",
        "entities": [
          {
            "start": 11,
            "end": 14,
            "value": "700",
            "entity": "budget"
          },
          {
            "start": 0,
            "end": 6,
            "value": "within",
            "entity": "budgetrange"
          }
        ],
        "text": "within 300-700"
      },
      {
        "intent": "restaurant_search",
        "entities": [
          {
            "start": 10,
            "end": 13,
            "value": "300",
            "entity": "budget"
          },
          {
            "start": 0,
            "end": 9,
            "value": "less than",
            "entity": "budgetrange"
          }
        ],
        "text": "less than 300"
      },
      {
        "intent": "restaurant_search",
        "entities": [
          {
            "start": 13,
            "end": 16,
            "value": "700",
            "entity": "budget"
          },
          {
            "start": 0,
            "end": 12,
            "value": "greater than",
            "entity": "budgetrange"
          }
        ],
        "text": "greater than 700"
      },
      {
        "intent": "restaurant_search",
        "entities": [
          {
            "start": 7,
            "end": 10,
            "value": "500",
            "entity": "budget"
          },
          {
            "start": 0,
            "end": 6,
            "value": "approx",
            "entity": "budgetrange"
          }
        ],
        "text": "approx 500"
      },
      {
        "intent": "restaurant_search",
        "entities": [
          {
            "start": 1,
            "end": 4,
            "value": "500",
            "entity": "budget"
          },
          {
            "start": 0,
            "end": 1,
            "value": "~",
            "entity": "budgetrange"
          }
        ],
        "text": "~500"
      },
      {
        "intent": "restaurant_search",
        "entities": [
          {
            "start": 12,
            "end": 15,
            "value": "500",
            "entity": "budget"
          },
          {
            "start": 0,
            "end": 11,
            "value": "approximate",
            "entity": "budgetrange"
          }
        ],
        "text": "approximate 500"
      },
      {
        "intent": "goodbye",
        "text": "bye"
      },
      {
        "intent": "goodbye",
        "text": "goodbye"
      },
      {
        "intent": "goodbye",
        "text": "good bye"
      },
      {
        "intent": "goodbye",
        "text": "stop"
      },
      {
        "intent": "goodbye",
        "text": "end"
      },
      {
        "intent": "goodbye",
        "text": "farewell"
      },
      {
        "intent": "goodbye",
        "text": "Bye bye"
      },
      {
        "intent": "goodbye",
        "text": "have a good one"
      },
      {
        "intent": "goodbye",
        "text": "no thanks"
      },
      {
        "intent": "goodbye",
        "text": "no"
      },
      {
        "intent": "goodbye",
        "text": "no don't send"
      },
      {
        "intent": "goodbye",
        "text": "do not send mail"
      },
      {
        "intent": "restaurant_search",
        "entities": [
          {
            "start": 38,
            "end": 42,
            "value": "pune",
            "entity": "location"
          }
        ],
        "text": "please help me to find restaurants in pune"
      }
    ],
    "regex_features": [
      {
        "name": "email",
        "pattern": "\\S+@\\S+"
      },
      {
        "name": "greet",
        "pattern": "hey[^\\s]*"
      },
      {
        "name": "zipcode",
        "pattern": "[0-9]{6}"
      }
    ],
    "entity_synonyms": [
      {
        "value": "chinese",
        "synonyms": [
          "Chinese",
          "Chines",
          "chines"
        ]
      },
      {
        "value": "vegetarian",
        "synonyms": [
          "veggie",
          "vegg"
        ]
      },
      {
        "value": "Bangalore",
        "synonyms": [
          "Bengaluru"
        ]
      },
      {
        "value": "Mumbai",
        "synonyms": [
          "Bombay"
        ]
      },
      {
        "value": "Chennai",
        "synonyms": [
          "Madras"
        ]
      },
      {
        "value": "Kolkata",
        "synonyms": [
          "Calcutta",
          "Kolkatta"
        ]
      }
    ]
  }
}